{
  "class_names": [
    "fonte",
    "hd",
    "mb",
    "processador",
    "ssd"
  ],
  "class_indices": {
    "fonte": 0,
    "hd": 1,
    "mb": 2,
    "processador": 3,
    "ssd": 4
  },
  "class_counts": {
    "fonte": 37,
    "hd": 30,
    "mb": 35,
    "processador": 31,
    "ssd": 30
  },
  "confusion_analysis": {
    "fonte": {
      "avg_confidence": 0.9464387893676758,
      "std_confidence": 0.07057490944862366,
      "confusion_with": {}
    },
    "hd": {
      "avg_confidence": 0.8511582016944885,
      "std_confidence": 0.18430262804031372,
      "confusion_with": {
        "mb": 1
      }
    },
    "mb": {
      "avg_confidence": 0.9438358545303345,
      "std_confidence": 0.11463482677936554,
      "confusion_with": {}
    },
    "processador": {
      "avg_confidence": 0.9019315242767334,
      "std_confidence": 0.08042995631694794,
      "confusion_with": {}
    },
    "ssd": {
      "avg_confidence": 0.907733142375946,
      "std_confidence": 0.18839702010154724,
      "confusion_with": {}
    }
  }
}