{
  "class_names": [
    "fonte",
    "hd",
    "mb",
    "processador",
    "ssd"
  ],
  "class_indices": {
    "fonte": 0,
    "hd": 1,
    "mb": 2,
    "processador": 3,
    "ssd": 4
  },
  "class_counts": {
    "fonte": 37,
    "hd": 30,
    "mb": 35,
    "processador": 31,
    "ssd": 30
  },
  "confusion_analysis": {
    "fonte": {
      "avg_confidence": 0.9278620481491089,
      "std_confidence": 0.10832446068525314,
      "confusion_with": {}
    },
    "hd": {
      "avg_confidence": 0.9205705523490906,
      "std_confidence": 0.03450928255915642,
      "confusion_with": {
        "fonte": 1
      }
    },
    "mb": {
      "avg_confidence": 0.8815091848373413,
      "std_confidence": 0.174709290266037,
      "confusion_with": {}
    },
    "processador": {
      "avg_confidence": 0.8212481141090393,
      "std_confidence": 0.15140400826931,
      "confusion_with": {}
    },
    "ssd": {
      "avg_confidence": 0.9234879612922668,
      "std_confidence": 0.05723472684621811,
      "confusion_with": {}
    }
  }
}