{
  "class_names": [
    "fonte",
    "hd",
    "mb",
    "processador",
    "ssd"
  ],
  "class_indices": {
    "fonte": 0,
    "hd": 1,
    "mb": 2,
    "processador": 3,
    "ssd": 4
  },
  "class_counts": {
    "fonte": 37,
    "hd": 30,
    "mb": 35,
    "processador": 31,
    "ssd": 30
  },
  "confusion_analysis": {
    "fonte": {
      "avg_confidence": 0.9762592911720276,
      "std_confidence": 0.037553563714027405,
      "confusion_with": {}
    },
    "hd": {
      "avg_confidence": 0.9118159413337708,
      "std_confidence": 0.1340145617723465,
      "confusion_with": {}
    },
    "mb": {
      "avg_confidence": 0.982933521270752,
      "std_confidence": 0.03486601263284683,
      "confusion_with": {}
    },
    "processador": {
      "avg_confidence": 0.9772409796714783,
      "std_confidence": 0.02768518216907978,
      "confusion_with": {}
    },
    "ssd": {
      "avg_confidence": 0.9072049260139465,
      "std_confidence": 0.20576795935630798,
      "confusion_with": {}
    }
  }
}